dt,x,y,position,velocity,acceleration,jerk,heading
0.020000,199.999875,11.000000,0.000332,0.033248,1.662404,83.120183,3.141604
0.020000,199.999876,11.000000,0.000333,0.000042,-1.660297,-166.135026,3.141604
0.020000,199.999878,11.000000,0.000335,0.000095,0.002633,83.146513,3.141604
0.020000,199.999881,11.000000,0.000339,0.000169,0.003686,0.052653,3.141603
0.020000,199.999887,11.000000,0.000344,0.000263,0.004739,0.052631,3.141603
0.020000,199.999894,11.000000,0.000351,0.000379,0.005791,0.052595,3.141602
0.020000,199.999904,11.000000,0.000362,0.000505,0.006315,0.026218,3.141601
0.020000,199.999917,11.000000,0.000374,0.000632,0.006312,-0.000153,3.141600
0.020000,199.999932,11.000000,0.000389,0.000758,0.006308,-0.000191,3.141599
0.020000,199.999950,11.000000,0.000407,0.000884,0.006304,-0.000230,3.141597
0.020000,199.999970,11.000000,0.000427,0.001010,0.006298,-0.000268,3.141595
0.020000,199.999993,11.000000,0.000450,0.001136,0.006292,-0.000306,3.141593
0.020000,199.971554,11.000000,0.028889,1.421946,71.040531,3551.711933,3.141591
0.020000,199.927694,11.000000,0.072749,2.192986,38.551973,-1624.427892,3.141588
0.020000,199.879847,11.000000,0.120596,2.392349,9.968152,-1429.191058,3.141586
0.020000,199.828013,11.000001,0.172430,2.591712,9.968161,0.000452,3.141583
0.020000,199.772191,11.000001,0.228251,2.791076,9.968172,0.000571,3.141580
0.020000,199.712383,11.000002,0.288060,2.990439,9.968183,0.000523,3.141576
0.020000,199.648587,11.000004,0.351856,3.189803,9.968193,0.000498,3.141572
0.020000,199.580803,11.000005,0.419639,3.389167,9.968206,0.000668,3.141569
0.020000,199.509033,11.000007,0.491410,3.588532,9.968220,0.000698,3.141564
0.020000,199.433275,11.000009,0.567168,3.787896,9.968231,0.000564,3.141560
0.020000,199.353529,11.000012,0.646913,3.987261,9.968249,0.000859,3.141556
0.020000,199.269797,11.000015,0.730646,4.186626,9.968262,0.000684,3.141551
0.020000,199.182077,11.000019,0.818366,4.385992,9.968278,0.000802,3.141546
0.020000,199.090370,11.000024,0.910073,4.585358,9.968297,0.000915,3.141541
0.020000,198.994675,11.000029,1.005767,4.784724,9.968312,0.000765,3.141535
0.020000,198.894994,11.000035,1.105449,4.984091,9.968333,0.001060,3.141529
0.020000,198.791324,11.000042,1.209118,5.183458,9.968349,0.000811,3.141524
0.020000,198.683668,11.000050,1.316775,5.382825,9.968372,0.001123,3.141517
0.020000,198.572024,11.000058,1.428419,5.582193,9.968391,0.000939,3.141511
0.020000,198.456393,11.000068,1.544050,5.781561,9.968413,0.001106,3.141505
0.020000,198.336774,11.000079,1.663668,5.980930,9.968436,0.001147,3.141498
0.020000,198.213168,11.000091,1.787274,6.180299,9.968457,0.001040,3.141491
0.020000,198.085575,11.000105,1.914868,6.379669,9.968483,0.001340,3.141484
0.020000,197.953994,11.000120,2.046449,6.579039,9.968506,0.001113,3.141476
0.020000,197.818426,11.000136,2.182017,6.778410,9.968530,0.001243,3.141469
0.020000,197.678870,11.000154,2.321572,6.977781,9.968559,0.001420,3.141461
0.020000,197.535327,11.000173,2.465115,7.177152,9.968584,0.001259,3.141453
0.020000,197.387797,11.000195,2.612646,7.376525,9.968611,0.001355,3.141444
0.020000,197.236279,11.000218,2.764164,7.575897,9.968640,0.001424,3.141436
0.020000,197.080773,11.000243,2.919669,7.775271,9.968671,0.001552,3.141427
0.020000,196.921281,11.000270,3.079162,7.974645,9.968699,0.001405,3.141418
0.020000,196.757800,11.000299,3.242643,8.174019,9.968729,0.001528,3.141409
0.020000,196.590332,11.000331,3.410110,8.373395,9.968761,0.001574,3.141400
0.020000,196.418877,11.000364,3.581566,8.572770,9.968793,0.001612,3.141390
0.020000,196.243434,11.000401,3.757009,8.772147,9.968826,0.001649,3.141381
0.020000,196.064003,11.000440,3.936439,8.971524,9.968860,0.001704,3.141371
0.020000,195.880585,11.000481,4.119857,9.170902,9.968895,0.001722,3.141361
0.020000,195.693180,11.000526,4.307263,9.370281,9.968929,0.001739,3.141350
0.020000,195.501787,11.000573,4.498656,9.569660,9.968965,0.001800,3.141340
0.020000,195.306406,11.000624,4.694037,9.769040,9.969002,0.001838,3.141329
0.020000,195.107037,11.000677,4.893405,9.968421,9.969040,0.001875,3.141318
0.020000,194.903681,11.000734,5.096761,10.167802,9.969078,0.001913,3.141307
0.020000,194.696338,11.000795,5.304105,10.367185,9.969117,0.001951,3.141296
0.020000,194.485006,11.000859,5.515436,10.566568,9.969157,0.001989,3.141284
0.020000,194.269687,11.000926,5.730756,10.765952,9.969198,0.002053,3.141273
0.020000,194.050381,11.000998,5.950062,10.965337,9.969239,0.002058,3.141261
0.020000,193.827086,11.001073,6.173357,11.164722,9.969281,0.002090,3.141249
0.020000,193.599804,11.001153,6.400639,11.364109,9.969323,0.002140,3.141236
0.020000,193.368534,11.001237,6.631909,11.563496,9.969367,0.002178,3.141224
0.020000,193.133276,11.001325,6.867166,11.762884,9.969411,0.002216,3.141211
0.020000,192.894031,11.001417,7.106412,11.962273,9.969457,0.002269,3.141199
0.020000,192.650798,11.001515,7.349645,12.161663,9.969504,0.002350,3.141186
0.020000,192.403577,11.001617,7.596866,12.361054,9.969549,0.002261,3.141172
0.020000,192.152368,11.001724,7.848075,12.560446,9.969596,0.002367,3.141159
0.020000,191.897171,11.001837,8.103272,12.759839,9.969645,0.002441,3.141146
0.020000,191.637986,11.001954,8.362457,12.959233,9.969695,0.002488,3.141132
0.020000,191.374814,11.002077,8.625629,13.158628,9.969743,0.002407,3.141118
0.020000,191.107653,11.002206,8.892790,13.358024,9.969794,0.002555,3.141104
0.020000,190.836505,11.002340,9.163938,13.557421,9.969846,0.002619,3.141090
0.020000,190.561369,11.002481,9.439075,13.756819,9.969897,0.002504,3.141076
0.020000,190.282244,11.002627,9.718199,13.956218,9.969951,0.002732,3.141061
0.020000,189.999132,11.002780,10.001311,14.155618,9.970004,0.002623,3.141047
0.020000,189.712032,11.002938,10.288412,14.355019,9.970058,0.002724,3.141032
0.020000,189.420943,11.003104,10.579500,14.554421,9.970114,0.002787,3.141017
0.020000,189.125867,11.003276,10.874577,14.753825,9.970169,0.002742,3.141002
0.020000,188.826802,11.003455,11.173641,14.953229,9.970227,0.002893,3.140986
0.020000,188.523750,11.003641,11.476694,15.152635,9.970283,0.002814,3.140971
0.020000,188.216709,11.003835,11.783735,15.352042,9.970342,0.002946,3.140955
0.020000,187.905680,11.004035,12.094764,15.551450,9.970400,0.002937,3.140940
0.020000,187.590663,11.004243,12.409781,15.750859,9.970460,0.002951,3.140924
0.020000,187.271658,11.004459,12.728786,15.950269,9.970522,0.003106,3.140908
0.020000,186.948664,11.004683,13.051780,16.149681,9.970581,0.002968,3.140892
0.020000,186.621682,11.004915,13.378762,16.349094,9.970644,0.003151,3.140875
0.020000,186.290712,11.005155,13.709732,16.548508,9.970707,0.003149,3.140859
0.020000,185.955754,11.005404,14.044690,16.747923,9.970770,0.003128,3.140842
0.020000,185.616807,11.005661,14.383637,16.947340,9.970834,0.003235,3.140826
0.020000,185.273872,11.005927,14.726572,17.146758,9.970900,0.003298,3.140809
0.020000,184.926949,11.006202,15.073496,17.346177,9.970965,0.003234,3.140792
0.020000,184.576037,11.006486,15.424408,17.545598,9.971032,0.003334,3.140775
0.020000,184.221136,11.006779,15.779308,17.745020,9.971099,0.003372,3.140758
0.020000,183.862248,11.007082,16.138197,17.944443,9.971168,0.003447,3.140740
0.020000,183.499370,11.007394,16.501074,18.143868,9.971236,0.003409,3.140723
0.020000,183.132505,11.007717,16.867940,18.343294,9.971306,0.003479,3.140705
0.020000,182.761650,11.008049,17.238795,18.542722,9.971376,0.003523,3.140688
0.020000,182.386808,11.008391,17.613638,18.742151,9.971447,0.003561,3.140670
0.020000,182.007976,11.008744,17.992469,18.941581,9.971519,0.003599,3.140652
0.020000,181.625156,11.009108,18.375290,19.141013,9.971592,0.003637,3.140634
0.020000,181.238347,11.009482,18.762099,19.340446,9.971666,0.003675,3.140616
0.020000,180.847550,11.009867,19.152896,19.539881,9.971740,0.003712,3.140598
0.020000,180.452764,11.010264,19.547682,19.739317,9.971815,0.003750,3.140580
0.020000,180.053989,11.010671,19.946458,19.938755,9.971891,0.003788,3.140561
0.020000,179.651225,11.011090,20.349221,20.138194,9.971967,0.003827,3.140543
0.020000,179.244473,11.011521,20.755974,20.337635,9.972044,0.003865,3.140524
0.020000,178.833731,11.011964,21.166716,20.537078,9.972123,0.003903,3.140506
0.020000,178.419001,11.012418,21.581446,20.736522,9.972201,0.003941,3.140487
0.020000,178.000282,11.012885,22.000166,20.935967,9.972281,0.003979,3.140468
0.020000,177.577574,11.013364,22.422874,21.135415,9.972361,0.004017,3.140450
0.020000,177.150877,11.013856,22.849571,21.334863,9.972442,0.004055,3.140431
0.020000,176.720191,11.014361,23.280257,21.534314,9.972524,0.004103,3.140412
0.020000,176.285516,11.014878,23.714933,21.733766,9.972607,0.004142,3.140393
0.020000,175.846852,11.015409,24.153597,21.933220,9.972690,0.004151,3.140373
0.020000,175.404199,11.015953,24.596251,22.132675,9.972774,0.004208,3.140354
0.020000,174.957557,11.016510,25.042893,22.332133,9.972859,0.004247,3.140335
0.020000,174.506925,11.017081,25.493525,22.531591,9.972946,0.004321,3.140316
0.020000,174.052304,11.017666,25.948146,22.731052,9.973032,0.004287,3.140296
0.020000,173.593695,11.018265,26.406756,22.930515,9.973119,0.004362,3.140277
0.020000,173.131095,11.018878,26.869356,23.129979,9.973207,0.004430,3.140258
0.020000,172.664507,11.019506,27.335945,23.329445,9.973296,0.004417,3.140238
0.020000,172.193929,11.020147,27.806523,23.528912,9.973385,0.004469,3.140219
0.020000,171.719362,11.020804,28.281091,23.728382,9.973476,0.004552,3.140199
0.020000,171.240805,11.021476,28.759648,23.927853,9.973566,0.004514,3.140180
0.020000,170.758259,11.022162,29.242194,24.127326,9.973659,0.004619,3.140160
0.020000,170.271724,11.022864,29.728730,24.326801,9.973751,0.004616,3.140140
0.020000,169.781199,11.023581,30.219256,24.526278,9.973845,0.004675,3.140121
0.020000,169.286684,11.024314,30.713771,24.725757,9.973939,0.004705,3.140101
0.020000,168.788180,11.025062,31.212276,24.925238,9.974034,0.004747,3.140081
0.020000,168.285686,11.025827,31.714770,25.124720,9.974129,0.004780,3.140062
0.020000,167.779203,11.026607,32.221254,25.324205,9.974226,0.004831,3.140042
0.020000,167.268729,11.027404,32.731728,25.523691,9.974323,0.004844,3.140022
0.020000,166.754266,11.028216,33.246192,25.723180,9.974421,0.004923,3.140003
0.020000,166.235814,11.029046,33.764645,25.922670,9.974520,0.004914,3.139983
0.020000,165.713371,11.029892,34.287088,26.122162,9.974619,0.004984,3.139963
0.020000,165.186939,11.030755,34.813522,26.321657,9.974720,0.005018,3.139944
0.020000,164.656516,11.031635,35.343945,26.521153,9.974820,0.005042,3.139924
0.020000,164.122104,11.032532,35.878358,26.720652,9.974922,0.005094,3.139904
0.020000,163.583702,11.033446,36.416761,26.920152,9.975025,0.005134,3.139885
0.020000,163.041310,11.034378,36.959154,27.119655,9.975128,0.005158,3.139865
0.020000,162.494927,11.035327,37.505537,27.319159,9.975232,0.005206,3.139846
0.020000,161.944555,11.036294,38.055910,27.518666,9.975337,0.005244,3.139826
0.020000,161.390192,11.037278,38.610274,27.718175,9.975443,0.005285,3.139807
0.020000,160.831839,11.038281,39.168627,27.917686,9.975549,0.005315,3.139787
0.020000,160.269496,11.039302,39.730971,28.117199,9.975656,0.005358,3.139768
0.020000,159.703163,11.040341,40.297306,28.316714,9.975764,0.005396,3.139748
0.020000,159.132839,11.041398,40.867630,28.516232,9.975873,0.005434,3.139729
0.020000,158.558525,11.042474,41.441945,28.715751,9.975982,0.005473,3.139710
0.020000,157.980221,11.043568,42.020251,28.915273,9.976093,0.005511,3.139691
0.020000,157.397926,11.044681,42.602547,29.114797,9.976204,0.005549,3.139672
0.020000,156.811640,11.045813,43.188833,29.314324,9.976315,0.005587,3.139653
0.020000,156.221365,11.046964,43.779110,29.513852,9.976428,0.005625,3.139634
0.020000,155.627098,11.048134,44.373378,29.713383,9.976541,0.005664,3.139615
0.020000,155.028841,11.049323,44.971636,29.912916,9.976655,0.005702,3.139596
0.020000,154.426593,11.050531,45.573885,30.112452,9.976770,0.005740,3.139577
0.020000,153.820355,11.051759,46.180125,30.311989,9.976886,0.005779,3.139558
0.020000,153.210125,11.053005,46.790356,30.511529,9.977002,0.005817,3.139540
0.020000,152.595905,11.054272,47.404577,30.711072,9.977119,0.005855,3.139521
0.020000,151.977694,11.055558,48.022790,30.910616,9.977237,0.005894,3.139503
0.020000,151.355492,11.056864,48.644993,31.110164,9.977355,0.005932,3.139485
0.020000,150.729299,11.058189,49.271187,31.309713,9.977475,0.005970,3.139467
0.020000,150.099116,11.059535,49.901372,31.509265,9.977595,0.006007,3.139449
0.020000,149.464941,11.060900,50.535549,31.708819,9.977716,0.006043,3.139431
0.020000,148.826775,11.062285,51.173716,31.908376,9.977838,0.006090,3.139413
0.020000,148.184617,11.063691,51.815875,32.107935,9.977960,0.006124,3.139395
0.020000,147.538469,11.065116,52.462025,32.307497,9.978083,0.006161,3.139378
0.020000,146.888329,11.066562,53.112166,32.507061,9.978207,0.006191,3.139361
0.020000,146.234199,11.068027,53.766299,32.706628,9.978332,0.006249,3.139343
0.020000,145.576076,11.069513,54.424423,32.906197,9.978458,0.006277,3.139326
0.020000,144.913963,11.071020,55.086538,33.105769,9.978584,0.006299,3.139309
0.020000,144.247857,11.072546,55.752645,33.305343,9.978711,0.006368,3.139293
0.020000,143.577761,11.074093,56.422743,33.504920,9.978839,0.006387,3.139276
0.020000,142.903673,11.075660,57.096833,33.704499,9.978967,0.006421,3.139259
0.020000,142.225593,11.077248,57.774915,33.904081,9.979097,0.006483,3.139243
0.020000,141.543522,11.078856,58.456988,34.103665,9.979227,0.006484,3.139227
0.020000,140.857458,11.080484,59.143053,34.303252,9.979358,0.006566,3.139211
0.020000,140.167404,11.082133,59.833110,34.502842,9.979489,0.006563,3.139195
0.020000,139.473357,11.083802,60.527159,34.702435,9.979622,0.006638,3.139180
0.020000,138.775318,11.085492,61.225199,34.902030,9.979755,0.006640,3.139165
0.020000,138.073288,11.087202,61.927232,35.101628,9.979889,0.006719,3.139149
0.020000,137.367265,11.088932,62.633256,35.301228,9.980023,0.006711,3.139134
0.020000,136.657251,11.090683,63.343273,35.500831,9.980159,0.006795,3.139120
0.020000,135.943244,11.092454,64.057282,35.700437,9.980295,0.006802,3.139105
0.020000,135.225246,11.094245,64.775283,35.900046,9.980432,0.006848,3.139091
0.020000,134.503255,11.096056,65.497276,36.099657,9.980570,0.006899,3.139077
0.020000,133.777272,11.097888,66.223261,36.299271,9.980708,0.006914,3.139063
0.020000,133.047296,11.099740,66.953239,36.498888,9.980848,0.006969,3.139049
0.020000,132.313329,11.101611,67.687209,36.698508,9.980988,0.007009,3.139036
0.020000,131.575368,11.103503,68.425172,36.898131,9.981129,0.007038,3.139023
0.020000,130.833416,11.105415,69.167127,37.097756,9.981270,0.007069,3.139010
0.020000,130.087471,11.107346,69.913075,37.297384,9.981413,0.007130,3.138997
0.020000,129.337533,11.109297,70.663015,37.497015,9.981556,0.007155,3.138985
0.020000,128.583602,11.111268,71.416948,37.696649,9.981700,0.007194,3.138973
0.020000,127.825679,11.113258,72.174874,37.896286,9.981844,0.007231,3.138961
0.020000,127.063763,11.115268,72.936792,38.095926,9.981990,0.007266,3.138949
0.020000,126.297855,11.117297,73.702704,38.295569,9.982136,0.007316,3.138938
0.020000,125.527953,11.119345,74.472608,38.495214,9.982283,0.007347,3.138927
0.020000,124.754059,11.121412,75.246505,38.694863,9.982431,0.007386,3.138916
0.020000,123.976171,11.123499,76.024395,38.894515,9.982579,0.007424,3.138906
0.020000,123.194291,11.125603,76.806279,39.094169,9.982728,0.007462,3.138896
0.020000,122.408417,11.127727,77.592155,39.293827,9.982878,0.007501,3.138886
0.020000,121.618550,11.129869,78.382025,39.493487,9.983029,0.007539,3.138876
0.020000,120.824690,11.132029,79.175888,39.693151,9.983181,0.007577,3.138867
0.020000,120.026837,11.134207,79.973744,39.892818,9.983333,0.007616,3.138858
0.020000,119.224990,11.136403,80.775594,40.092487,9.983486,0.007654,3.138850
0.020000,118.419150,11.138616,81.581437,40.292160,9.983640,0.007692,3.138842
0.020000,117.609316,11.140847,82.391274,40.491836,9.983795,0.007730,3.138834
0.020000,116.795489,11.143096,83.205104,40.691515,9.983950,0.007769,3.138826
0.020000,115.977668,11.145361,84.022928,40.891197,9.984106,0.007806,3.138819
0.020000,115.155854,11.147643,84.844746,41.090882,9.984263,0.007842,3.138812
0.020000,114.330045,11.149942,85.670557,41.290571,9.984421,0.007888,3.138806
0.020000,113.500243,11.152257,86.500363,41.490262,9.984579,0.007922,3.138800
0.020000,112.666447,11.154588,87.334162,41.689957,9.984738,0.007960,3.138794
0.020000,111.828658,11.156935,88.171955,41.889655,9.984898,0.007996,3.138789
0.020000,110.986874,11.159297,89.013742,42.089356,9.985059,0.008034,3.138784
0.020000,110.141096,11.161675,89.859523,42.289061,9.985220,0.008080,3.138779
0.020000,109.291324,11.164067,90.709299,42.488768,9.985383,0.008113,3.138775
0.020000,108.437558,11.166474,91.563068,42.688479,9.985546,0.008146,3.138772
0.020000,107.579797,11.168896,92.420832,42.888194,9.985710,0.008194,3.138768
0.020000,106.718042,11.171331,93.282590,43.087911,9.985874,0.008229,3.138765
0.020000,105.852293,11.173780,94.148343,43.287632,9.986039,0.008261,3.138763
0.020000,104.982882,11.176241,95.017758,43.470732,9.155023,-41.550824,3.138761
0.020000,104.110474,11.178712,95.890169,43.620588,7.492801,-83.111089,3.138759
0.020000,103.235733,11.181191,96.764913,43.737199,5.830543,-83.112922,3.138758
0.020000,102.359326,11.183676,97.641325,43.820564,4.168247,-83.114770,3.138757
0.020000,101.481918,11.186164,98.518736,43.870563,2.499962,-83.414251,3.138757
0.020000,100.604510,11.188652,99.396147,43.870572,0.000434,-124.976422,3.138757
0.020000,99.728099,11.191136,100.272561,43.820708,-2.493198,-124.681610,3.138758
0.020000,98.853351,11.193616,101.147313,43.737595,-4.155671,-83.123646,3.138759
0.020000,97.980930,11.196087,102.019738,43.621231,-5.818181,-83.125503,3.138760
0.020000,97.111501,11.198549,102.889170,43.471616,-7.480728,-83.127353,3.138762
0.020000,96.245727,11.200998,103.754948,43.288869,-9.137360,-82.831558,3.138765
0.020000,95.383938,11.203434,104.616740,43.089613,-9.962793,-41.271673,3.138768
0.020000,94.526135,11.205856,105.474547,42.890354,-9.962958,-0.008270,3.138771
0.020000,93.672316,11.208264,106.328369,42.691092,-9.963123,-0.008226,3.138774
0.020000,92.822483,11.210658,107.178205,42.491826,-9.963287,-0.008186,3.138778
0.020000,91.976635,11.213036,108.024057,42.292557,-9.963450,-0.008155,3.138783
0.020000,91.134773,11.215400,108.865922,42.093285,-9.963612,-0.008113,3.138788
0.020000,90.296896,11.217748,109.703802,41.894009,-9.963773,-0.008068,3.138793
0.020000,89.463005,11.220080,110.537697,41.694731,-9.963934,-0.008041,3.138798
0.020000,88.633099,11.222397,111.367606,41.495449,-9.964094,-0.007999,3.138804
0.020000,87.807179,11.224697,112.193529,41.296164,-9.964253,-0.007959,3.138811
0.020000,86.985244,11.226981,113.015467,41.096875,-9.964412,-0.007921,3.138817
0.020000,86.167296,11.229248,113.833418,40.897584,-9.964569,-0.007878,3.138825
0.020000,85.353333,11.231498,114.647384,40.698289,-9.964726,-0.007850,3.138832
0.020000,84.543356,11.233731,115.457364,40.498992,-9.964883,-0.007807,3.138840
0.020000,83.737366,11.235946,116.263358,40.299691,-9.965038,-0.007768,3.138848
0.020000,82.935361,11.238145,117.065366,40.100387,-9.965192,-0.007730,3.138856
0.020000,82.137342,11.240325,117.863387,39.901080,-9.965346,-0.007692,3.138865
0.020000,81.343310,11.242487,118.657423,39.701770,-9.965499,-0.007653,3.138874
0.020000,80.553264,11.244631,119.447472,39.502457,-9.965652,-0.007615,3.138884
0.020000,79.767204,11.246757,120.233535,39.303141,-9.965803,-0.007577,3.138893
0.020000,78.985130,11.248864,121.015611,39.103822,-9.965954,-0.007539,3.138903
0.020000,78.207043,11.250953,121.793701,38.904500,-9.966104,-0.007501,3.138914
0.020000,77.432942,11.253022,122.567805,38.705175,-9.966253,-0.007462,3.138924
0.020000,76.662828,11.255073,123.337922,38.505847,-9.966402,-0.007424,3.138935
0.020000,75.896700,11.257105,124.104052,38.306516,-9.966549,-0.007386,3.138946
0.020000,75.134559,11.259118,124.866195,38.107182,-9.966696,-0.007348,3.138958
0.020000,74.376405,11.261111,125.624352,37.907845,-9.966842,-0.007304,3.138970
0.020000,73.622238,11.263084,126.378522,37.708505,-9.966988,-0.007273,3.138982
0.020000,72.872057,11.265039,127.128706,37.509163,-9.967133,-0.007236,3.138994
0.020000,72.125863,11.266973,127.874902,37.309817,-9.967277,-0.007195,3.139006
0.020000,71.383656,11.268888,128.617111,37.110469,-9.967420,-0.007157,3.139019
0.020000,70.645436,11.270783,129.355334,36.911118,-9.967562,-0.007107,3.139032
0.020000,69.911203,11.272658,130.089569,36.711764,-9.967704,-0.007087,3.139046
0.020000,69.180958,11.274513,130.819817,36.512407,-9.967844,-0.007046,3.139059
0.020000,68.454699,11.276348,131.546078,36.313047,-9.967984,-0.006998,3.139073
0.020000,67.732427,11.278162,132.268352,36.113685,-9.968124,-0.006957,3.139087
0.020000,67.014143,11.279957,132.986638,35.914319,-9.968262,-0.006941,3.139101
0.020000,66.299847,11.281732,133.700937,35.714951,-9.968400,-0.006879,3.139116
0.020000,65.589537,11.283486,134.411249,35.515581,-9.968537,-0.006848,3.139130
0.020000,64.883215,11.285220,135.117573,35.316207,-9.968673,-0.006825,3.139145
0.020000,64.180881,11.286933,135.819910,35.116831,-9.968808,-0.006749,3.139160
0.020000,63.482534,11.288627,136.518259,34.917452,-9.968944,-0.006761,3.139176
0.020000,62.788174,11.290300,137.212620,34.718070,-9.969077,-0.006677,3.139191
0.020000,62.097802,11.291952,137.902994,34.518686,-9.969211,-0.006675,3.139207
0.020000,61.411418,11.293584,138.589380,34.319299,-9.969343,-0.006605,3.139223
0.020000,60.729022,11.295196,139.271778,34.119910,-9.969475,-0.006598,3.139239
0.020000,60.050614,11.296788,139.950188,33.920518,-9.969605,-0.006524,3.139255
0.020000,59.376193,11.298359,140.624611,33.721123,-9.969736,-0.006525,3.139271
0.020000,58.705760,11.299910,141.295045,33.521726,-9.969865,-0.006450,3.139288
0.020000,58.039315,11.301440,141.961492,33.322326,-9.969994,-0.006440,3.139304
0.020000,57.376859,11.302951,142.623950,33.122923,-9.970121,-0.006392,3.139321
0.020000,56.718390,11.304441,143.282421,32.923519,-9.970248,-0.006339,3.139338
0.020000,56.063909,11.305910,143.936903,32.724111,-9.970375,-0.006328,3.139355
0.020000,55.413417,11.307360,144.587397,32.524701,-9.970500,-0.006275,3.139373
0.020000,54.766913,11.308790,145.233903,32.325289,-9.970625,-0.006225,3.139390
0.020000,54.124397,11.310199,145.876420,32.125874,-9.970749,-0.006210,3.139408
0.020000,53.485869,11.311589,146.514949,31.926456,-9.970872,-0.006161,3.139425
0.020000,52.851330,11.312958,147.149490,31.727036,-9.970995,-0.006122,3.139443
0.020000,52.220779,11.314308,147.780042,31.527614,-9.971116,-0.006078,3.139461
0.020000,51.594217,11.315638,148.406606,31.328189,-9.971237,-0.006052,3.139479
0.020000,50.971643,11.316948,149.029181,31.128762,-9.971357,-0.006008,3.139497
0.020000,50.353058,11.318238,149.647768,30.929332,-9.971477,-0.005969,3.139516
0.020000,49.738461,11.319509,150.262366,30.729901,-9.971595,-0.005931,3.139534
0.020000,49.127853,11.320760,150.872975,30.530466,-9.971713,-0.005893,3.139553
0.020000,48.521234,11.321992,151.479596,30.331030,-9.971830,-0.005855,3.139571
0.020000,47.918603,11.323205,152.082228,30.131591,-9.971947,-0.005817,3.139590
0.020000,47.319961,11.324398,152.680871,29.932150,-9.972062,-0.005778,3.139609
0.020000,46.725308,11.325572,153.275525,29.732706,-9.972177,-0.005740,3.139627
0.020000,46.134644,11.326728,153.866190,29.533260,-9.972291,-0.005702,3.139646
0.020000,45.547969,11.327864,154.452866,29.333812,-9.972404,-0.005663,3.139665
0.020000,44.965283,11.328981,155.035554,29.134362,-9.972517,-0.005625,3.139684
0.020000,44.386586,11.330080,155.614252,28.934909,-9.972629,-0.005587,3.139703
0.020000,43.811878,11.331160,156.188961,28.735454,-9.972740,-0.005549,3.139723
0.020000,43.241159,11.332222,156.759681,28.535997,-9.972850,-0.005510,3.139742
0.020000,42.674429,11.333266,157.326411,28.336538,-9.972959,-0.005472,3.139761
0.020000,42.111688,11.334291,157.889153,28.137077,-9.973068,-0.005434,3.139781
0.020000,41.552937,11.335298,158.447905,27.937613,-9.973176,-0.005395,3.139800
0.020000,40.998175,11.336287,159.002668,27.738148,-9.973283,-0.005357,3.139819
0.020000,40.447402,11.337259,159.553442,27.538680,-9.973389,-0.005323,3.139839
0.020000,39.900619,11.338212,160.100226,27.339210,-9.973495,-0.005279,3.139858
0.020000,39.357825,11.339148,160.643021,27.139738,-9.973600,-0.005241,3.139878
0.020000,38.819020,11.340067,161.181826,26.940264,-9.973704,-0.005203,3.139897
0.020000,38.284205,11.340969,161.716642,26.740788,-9.973807,-0.005173,3.139917
0.020000,37.753380,11.341853,162.247468,26.541310,-9.973910,-0.005123,3.139937
0.020000,37.226544,11.342720,162.774305,26.341829,-9.974011,-0.005085,3.139956
0.020000,36.703698,11.343571,163.297152,26.142347,-9.974113,-0.005060,3.139976
0.020000,36.184841,11.344405,163.816009,25.942863,-9.974213,-0.005010,3.139995
0.020000,35.669974,11.345222,164.330876,25.743377,-9.974312,-0.004965,3.140015
0.020000,35.159097,11.346023,164.841754,25.543888,-9.974411,-0.004957,3.140035
0.020000,34.652210,11.346808,165.348642,25.344398,-9.974509,-0.004877,3.140054
0.020000,34.149312,11.347576,165.851540,25.144906,-9.974606,-0.004873,3.140074
0.020000,33.650405,11.348329,166.350448,24.945412,-9.974703,-0.004816,3.140093
0.020000,33.155487,11.349066,166.845367,24.745916,-9.974798,-0.004785,3.140113
0.020000,32.664559,11.349788,167.336295,24.546418,-9.974893,-0.004747,3.140133
0.020000,32.177621,11.350494,167.823233,24.346918,-9.974987,-0.004706,3.140152
0.020000,31.694673,11.351185,168.306182,24.147417,-9.975081,-0.004665,3.140172
0.020000,31.215715,11.351861,168.785140,23.947913,-9.975173,-0.004641,3.140191
0.020000,30.740748,11.352522,169.260108,23.748408,-9.975265,-0.004567,3.140211
0.020000,30.269770,11.353168,169.731086,23.548901,-9.975357,-0.004595,3.140230
0.020000,29.802783,11.353800,170.198074,23.349392,-9.975446,-0.004476,3.140250
0.020000,29.339786,11.354417,170.661072,23.149881,-9.975536,-0.004489,3.140269
0.020000,28.880779,11.355020,171.120079,22.950369,-9.975625,-0.004457,3.140288
0.020000,28.425762,11.355610,171.575096,22.750855,-9.975713,-0.004374,3.140308
0.020000,27.974736,11.356185,172.026123,22.551339,-9.975800,-0.004365,3.140327
0.020000,27.527699,11.356746,172.473159,22.351821,-9.975887,-0.004357,3.140346
0.020000,27.084654,11.357295,172.916205,22.152301,-9.975972,-0.004253,3.140365
0.020000,26.645598,11.357829,173.355261,21.952780,-9.976057,-0.004249,3.140384
0.020000,26.210534,11.358351,173.790326,21.753257,-9.976141,-0.004211,3.140403
0.020000,25.779459,11.358860,174.221401,21.553733,-9.976225,-0.004193,3.140422
0.020000,25.352375,11.359356,174.648485,21.354207,-9.976308,-0.004119,3.140441
0.020000,24.929282,11.359839,175.071579,21.154679,-9.976389,-0.004088,3.140460
0.020000,24.510179,11.360310,175.490682,20.955149,-9.976471,-0.004057,3.140478
0.020000,24.095067,11.360769,175.905794,20.755618,-9.976551,-0.004019,3.140497
0.020000,23.683946,11.361215,176.316916,20.556086,-9.976630,-0.003981,3.140516
0.020000,23.276815,11.361650,176.724047,20.356552,-9.976709,-0.003942,3.140534
0.020000,22.873675,11.362073,177.127187,20.157016,-9.976787,-0.003904,3.140552
0.020000,22.474526,11.362485,177.526337,19.957479,-9.976865,-0.003865,3.140571
0.020000,22.079367,11.362885,177.921495,19.757940,-9.976941,-0.003827,3.140589
0.020000,21.688199,11.363274,178.312663,19.558399,-9.977017,-0.003788,3.140607
0.020000,21.301022,11.363652,178.699840,19.358858,-9.977092,-0.003750,3.140625
0.020000,20.917836,11.364019,179.083027,19.159314,-9.977166,-0.003711,3.140643
0.020000,20.538641,11.364376,179.462222,18.959770,-9.977240,-0.003673,3.140661
0.020000,20.163437,11.364722,179.837427,18.760223,-9.977312,-0.003634,3.140679
0.020000,19.792223,11.365059,180.208640,18.560676,-9.977384,-0.003596,3.140696
0.020000,19.425001,11.365385,180.575863,18.361126,-9.977455,-0.003557,3.140714
0.020000,19.061769,11.365701,180.939094,18.161576,-9.977526,-0.003518,3.140731
0.020000,18.702529,11.366007,181.298335,17.962024,-9.977595,-0.003482,3.140748
0.020000,18.347280,11.366304,181.653584,17.762471,-9.977665,-0.003485,3.140765
0.020000,17.996022,11.366592,182.004842,17.562916,-9.977732,-0.003362,3.140782
0.020000,17.648755,11.366870,182.352110,17.363360,-9.977800,-0.003363,3.140799
0.020000,17.305479,11.367140,182.695386,17.163803,-9.977866,-0.003324,3.140816
0.020000,16.966194,11.367400,183.034671,16.964244,-9.977933,-0.003344,3.140833
0.020000,16.630900,11.367652,183.369964,16.764684,-9.977997,-0.003214,3.140849
0.020000,16.299598,11.367896,183.701267,16.565123,-9.978061,-0.003190,3.140866
0.020000,15.972287,11.368131,184.028578,16.365560,-9.978126,-0.003220,3.140882
0.020000,15.648967,11.368358,184.351898,16.165997,-9.978188,-0.003133,3.140898
0.020000,15.329638,11.368578,184.671226,15.966432,-9.978249,-0.003046,3.140914
0.020000,15.014301,11.368789,184.986564,15.766865,-9.978312,-0.003151,3.140930
0.020000,14.702955,11.368993,185.297910,15.567298,-9.978371,-0.002947,3.140945
0.020000,14.395601,11.369190,185.605264,15.367729,-9.978431,-0.003012,3.140961
0.020000,14.092237,11.369379,185.908627,15.168160,-9.978491,-0.002963,3.140976
0.020000,13.792866,11.369561,186.207999,14.968589,-9.978548,-0.002864,3.140992
0.020000,13.497485,11.369736,186.503380,14.769017,-9.978606,-0.002932,3.141007
0.020000,13.206097,11.369905,186.794768,14.569443,-9.978662,-0.002764,3.141022
0.020000,12.918699,11.370067,187.082166,14.369869,-9.978719,-0.002852,3.141036
0.020000,12.635294,11.370223,187.365572,14.170293,-9.978773,-0.002717,3.141051
0.020000,12.355879,11.370372,187.644986,13.970717,-9.978827,-0.002716,3.141066
0.020000,12.080456,11.370515,187.920409,13.771139,-9.978882,-0.002727,3.141080
0.020000,11.809025,11.370652,188.191840,13.571561,-9.978933,-0.002553,3.141094
0.020000,11.541586,11.370784,188.459280,13.371981,-9.978987,-0.002703,3.141108
0.020000,11.278138,11.370910,188.722728,13.172400,-9.979037,-0.002502,3.141122
0.020000,11.018681,11.371030,188.982184,12.972818,-9.979087,-0.002500,3.141135
0.020000,10.763217,11.371145,189.237649,12.773236,-9.979139,-0.002570,3.141149
0.020000,10.511744,11.371255,189.489122,12.573652,-9.979187,-0.002404,3.141162
0.020000,10.264262,11.371360,189.736603,12.374067,-9.979234,-0.002384,3.141175
0.020000,10.020773,11.371460,189.980093,12.174482,-9.979282,-0.002377,3.141188
0.020000,9.781275,11.371556,190.219591,11.974895,-9.979330,-0.002410,3.141201
0.020000,9.545769,11.371646,190.455097,11.775307,-9.979375,-0.002235,3.141214
0.020000,9.314254,11.371733,190.686611,11.575719,-9.979420,-0.002250,3.141226
0.020000,9.086732,11.371815,190.914134,11.376130,-9.979464,-0.002223,3.141238
0.020000,8.863201,11.371893,191.137665,11.176540,-9.979508,-0.002184,3.141250
0.020000,8.643662,11.371966,191.357204,10.976949,-9.979551,-0.002146,3.141262
0.020000,8.428115,11.372036,191.572751,10.777357,-9.979593,-0.002122,3.141274
0.020000,8.216560,11.372103,191.784306,10.577764,-9.979635,-0.002068,3.141285
0.020000,8.008996,11.372165,191.991869,10.378171,-9.979675,-0.002007,3.141296
0.020000,7.805425,11.372225,192.195441,10.178576,-9.979715,-0.001991,3.141307
0.020000,7.605845,11.372280,192.395021,9.978981,-9.979754,-0.001952,3.141318
0.020000,7.410257,11.372333,192.590608,9.779385,-9.979792,-0.001913,3.141329
0.020000,7.218662,11.372383,192.782204,9.579789,-9.979829,-0.001875,3.141340
0.020000,7.031058,11.372429,192.969808,9.380191,-9.979866,-0.001836,3.141350
0.020000,6.847446,11.372473,193.153420,9.180593,-9.979902,-0.001797,3.141360
0.020000,6.667826,11.372514,193.333040,8.980995,-9.979938,-0.001779,3.141370
0.020000,6.492198,11.372552,193.508667,8.781395,-9.979972,-0.001728,3.141380
0.020000,6.320562,11.372588,193.680303,8.581795,-9.980005,-0.001661,3.141389
0.020000,6.152918,11.372621,193.847947,8.382194,-9.980038,-0.001642,3.141398
0.020000,5.989267,11.372652,194.011599,8.182593,-9.980070,-0.001603,3.141407
0.020000,5.829607,11.372681,194.171259,7.982991,-9.980102,-0.001564,3.141416
0.020000,5.673939,11.372708,194.326927,7.783388,-9.980132,-0.001530,3.141425
0.020000,5.522263,11.372733,194.478602,7.583785,-9.980164,-0.001584,3.141433
0.020000,5.374580,11.372755,194.626286,7.384181,-9.980191,-0.001354,3.141442
0.020000,5.230888,11.372777,194.769978,7.184577,-9.980219,-0.001408,3.141450
0.020000,5.091189,11.372796,194.909677,6.984972,-9.980247,-0.001397,3.141458
0.020000,4.955481,11.372814,195.045384,6.785366,-9.980276,-0.001424,3.141465
0.020000,4.823766,11.372830,195.177100,6.585760,-9.980299,-0.001180,3.141473
0.020000,4.696043,11.372845,195.304823,6.386154,-9.980325,-0.001280,3.141480
0.020000,4.572312,11.372859,195.428554,6.186547,-9.980351,-0.001340,3.141487
0.020000,4.452573,11.372871,195.548292,5.986939,-9.980372,-0.001031,3.141493
0.020000,4.336827,11.372882,195.664039,5.787331,-9.980397,-0.001253,3.141500
0.020000,4.225072,11.372892,195.775793,5.587723,-9.980419,-0.001077,3.141506
0.020000,4.117310,11.372901,195.883556,5.388114,-9.980439,-0.001033,3.141512
0.020000,4.013540,11.372909,195.987326,5.188505,-9.980462,-0.001130,3.141518
0.020000,3.913762,11.372916,196.087104,4.988895,-9.980479,-0.000864,3.141524
0.020000,3.817976,11.372922,196.182889,4.789285,-9.980501,-0.001105,3.141529
0.020000,3.726183,11.372928,196.274683,4.589675,-9.980517,-0.000774,3.141535
0.020000,3.638382,11.372933,196.362484,4.390064,-9.980537,-0.000998,3.141540
0.020000,3.554572,11.372937,196.446293,4.190453,-9.980552,-0.000766,3.141544
0.020000,3.474756,11.372941,196.526110,3.990842,-9.980568,-0.000808,3.141549
0.020000,3.398931,11.372944,196.601935,3.791230,-9.980585,-0.000843,3.141553
0.020000,3.327099,11.372947,196.673767,3.591618,-9.980597,-0.000597,3.141557
0.020000,3.259259,11.372949,196.741607,3.392006,-9.980613,-0.000813,3.141561
0.020000,3.195411,11.372951,196.805455,3.192393,-9.980625,-0.000601,3.141565
0.020000,3.135555,11.372952,196.865311,2.992781,-9.980636,-0.000558,3.141568
0.020000,3.079692,11.372954,196.921174,2.793168,-9.980650,-0.000651,3.141571
0.020000,3.027821,11.372955,196.973045,2.593555,-9.980660,-0.000546,3.141574
0.020000,2.979942,11.372955,197.020924,2.393941,-9.980669,-0.000426,3.141577
0.020000,2.936055,11.372956,197.064810,2.194328,-9.980678,-0.000467,3.141580
0.020000,2.896161,11.372957,197.104705,1.994714,-9.980687,-0.000459,3.141582
0.020000,2.860259,11.372957,197.140607,1.795100,-9.980696,-0.000422,3.141584
0.020000,2.828349,11.372957,197.172516,1.595486,-9.980701,-0.000275,3.141586
0.020000,2.800432,11.372957,197.200434,1.395872,-9.980708,-0.000311,3.141587
0.020000,2.776507,11.372957,197.224359,1.196258,-9.980713,-0.000272,3.141589
0.020000,2.756574,11.372957,197.244292,0.996643,-9.980718,-0.000233,3.141590
0.020000,2.740633,11.372957,197.260233,0.797029,-9.980722,-0.000194,3.141591
0.020000,2.728683,11.372958,197.272183,0.597533,-9.974769,0.297653,3.141592
0.020000,2.720387,11.372958,197.280479,0.414792,-9.137087,41.884064,3.141592
0.020000,2.715080,11.372958,197.285785,0.265319,-7.473634,83.172672,3.141592
0.020000,2.712098,11.372958,197.288768,0.149115,-5.810180,83.172709,3.141593
0.020000,2.710774,11.372958,197.290091,0.066181,-4.146725,83.172732,3.141593
0.020000,2.710444,11.372958,197.290422,0.016515,-2.483270,83.172744,3.141593
0.020000,2.710444,11.372958,197.290422,0.000000,-0.825771,82.874940,3.141593
